<?xml version="1.0" encoding="UTF-8"?>
<!DOCTYPE mapper PUBLIC 
		"-//mybatis.org//DTD Mapper 3.0//EN" 
		"http://mybatis.org/dtd/mybatis-3-mapper.dtd">
		
<mapper namespace="com.project.model.MemberDAO">
	
	<insert id="register" parameterType="com.project.model.MemberDTO">
		insert into member (idx, email, pw, name, phonenumber) values (
			member_seq.nextval,
			#{email}, 
			#{pw}, 
			#{name},
			'010-0000-0000'
			)
	</insert>
	
	<insert id="naver_register" parameterType="com.project.model.MemberDTO">
		insert into member (idx, email, name, phonenumber) values (MEMBER_SEQ.nextval, #{email}, #{name}, #{phonenumber})
	</insert>
	
	
	<select id="login" resultType="member">
		select * from member where email=#{email} 
	</select>

	<select id="checkEmail" resultType="int">
		select count(*) from member where email =#{email}
	</select>
	
	
	<select id="checkPw" resultType="int" >
    	select count(*) from member where (pw is not null AND email = #{email})
	</select>

	<select id="getIdx" resultType="int" >
    	select idx from member where email = #{email}
	</select>
	
	
	
	
	
</mapper>
